Forecast_Hour,Track_Error (km),MSLP_Error (hPa),MWS_Error (Knot)
0.0,87.63886799467038,-1.0,1.0
6.0,93.29256490167106,0.0,5.0
12.0,132.4711754839906,0.0,5.0
18.0,89.07529150974572,1.0,2.0
24.0,89.16879442128068,0.0,-2.0
30.0,139.5366521552581,1.0,2.0
36.0,195.1536479662602,1.0,1.0
42.0,222.43780597709875,-1.0,-6.0
48.0,194.48965384283724,1.0,-8.0
54.0,288.1629670995228,3.0,-9.0
60.0,329.2690504536674,8.0,-17.0
66.0,354.1655560681798,12.0,-25.0
72.0,422.7864967211325,10.0,-29.0
78.0,440.5783684389586,9.0,-24.0
84.0,410.73416045465285,12.0,-21.0
